NU_ANO,Q024,SG_UF_PROVA,INSCRICOES,PARTICIPANTES
2019,A,AC,26141,18087
2019,A,AL,53243,38822
2019,A,AM,75546,45985
2019,A,AP,29341,20014
2019,A,BA,216786,152614
2019,A,CE,188335,138088
2019,A,DF,30649,19741
2019,A,ES,37801,24632
2019,A,GO,74140,50491
2019,A,MA,154923,114483
2019,A,MG,184228,124771
2019,A,MS,31826,20333
2019,A,MT,38974,24954
2019,A,PA,194020,140645
2019,A,PB,79873,60436
2019,A,PE,149132,107055
2019,A,PI,78718,60427
2019,A,PR,64880,41638
2019,A,RJ,118866,79306
2019,A,RN,60042,43894
2019,A,RO,30278,19962
2019,A,RR,6746,4298
2019,A,RS,69570,45203
2019,A,SC,31288,19785
2019,A,SE,46896,34843
2019,A,SP,246600,153625
2019,A,TO,26581,18392
2019,B,AC,10913,8097
2019,B,AL,31326,24223
2019,B,AM,36154,23960
2019,B,AP,11141,8157
2019,B,BA,155999,116430
2019,B,CE,89048,68731
2019,B,DF,46006,32966
2019,B,ES,52271,37931
2019,B,GO,79076,59473
2019,B,MA,55145,42046
2019,B,MG,282840,210898
2019,B,MS,31360,22589
2019,B,MT,40706,28717
2019,B,PA,73578,56105
2019,B,PB,56400,44069
2019,B,PE,105632,81356
2019,B,PI,37118,29404
2019,B,PR,110573,80884
2019,B,RJ,169918,124994
2019,B,RN,49145,38296
2019,B,RO,24520,17702
2019,B,RR,4870,3428
2019,B,RS,115531,84094
2019,B,SC,59308,43728
2019,B,SE,26641,20824
2019,B,SP,431088,315353
2019,B,TO,16635,12289
2019,C,AC,1212,937
2019,C,AL,3806,3151
2019,C,AM,4724,3340
2019,C,AP,1538,1220
2019,C,BA,16667,13463
2019,C,CE,12623,10340
2019,C,DF,11955,9176
2019,C,ES,8842,6995
2019,C,GO,12368,10086
2019,C,MA,6048,4849
2019,C,MG,48403,38719
2019,C,MS,5245,4230
2019,C,MT,6211,4763
2019,C,PA,8977,7330
2019,C,PB,7828,6431
2019,C,PE,14331,11764
2019,C,PI,4759,3903
2019,C,PR,25058,19855
2019,C,RJ,34650,27408
2019,C,RN,7286,5992
2019,C,RO,2993,2370
2019,C,RR,909,703
2019,C,RS,23958,18826
2019,C,SC,14280,11502
2019,C,SE,3545,3001
2019,C,SP,94152,76479
2019,C,TO,2228,1767
2019,D,AC,298,241
2019,D,AL,1059,884
2019,D,AM,1238,927
2019,D,AP,442,363
2019,D,BA,4464,3638
2019,D,CE,3551,2959
2019,D,DF,4747,3732
2019,D,ES,2483,2002
2019,D,GO,3213,2650
2019,D,MA,1476,1187
2019,D,MG,13577,11130
2019,D,MS,1475,1224
2019,D,MT,1666,1376
2019,D,PA,2239,1887
2019,D,PB,2193,1876
2019,D,PE,4401,3728
2019,D,PI,1286,1069
2019,D,PR,7746,6277
2019,D,RJ,11227,9176
2019,D,RN,2040,1687
2019,D,RO,664,554
2019,D,RR,300,254
2019,D,RS,6726,5494
2019,D,SC,4235,3519
2019,D,SE,1032,868
2019,D,SP,30276,25464
2019,D,TO,599,515
2019,E,AC,81,65
2019,E,AL,390,327
2019,E,AM,482,367
2019,E,AP,141,120
2019,E,BA,1511,1254
2019,E,CE,1427,1186
2019,E,DF,2492,1926
2019,E,ES,876,698
2019,E,GO,1183,966
2019,E,MA,482,405
2019,E,MG,5577,4565
2019,E,MS,487,403
2019,E,MT,564,455
2019,E,PA,779,653
2019,E,PB,882,729
2019,E,PE,1821,1513
2019,E,PI,431,362
2019,E,PR,3049,2501
2019,E,RJ,5055,4134
2019,E,RN,806,688
2019,E,RO,184,148
2019,E,RR,131,114
2019,E,RS,2684,2206
2019,E,SC,1588,1328
2019,E,SE,374,324
2019,E,SP,13874,11761
2019,E,TO,206,163
2020,A,AC,27940,11938
2020,A,AL,63290,29651
2020,A,AM,108530,30220
2020,A,AP,32596,12778
2020,A,BA,263498,113782
2020,A,CE,215641,96880
2020,A,DF,41196,15463
2020,A,ES,42902,15809
2020,A,GO,104156,36656
2020,A,MA,171507,77668
2020,A,MG,216086,80481
2020,A,MS,40943,12926
2020,A,MT,48039,15967
2020,A,PA,236576,105150
2020,A,PB,93213,46131
2020,A,PE,183778,81239
2020,A,PI,87980,42256
2020,A,PR,79904,27890
2020,A,RJ,151665,55473
2020,A,RN,68618,31842
2020,A,RO,38169,11104
2020,A,RR,9617,3025
2020,A,RS,90063,32467
2020,A,SC,37741,11732
2020,A,SE,55053,26002
2020,A,SP,300156,94831
2020,A,TO,36125,13355
2020,B,AC,11102,5324
2020,B,AL,31908,17701
2020,B,AM,44315,15639
2020,B,AP,11640,5269
2020,B,BA,157875,78178
2020,B,CE,89108,48525
2020,B,DF,51099,23850
2020,B,ES,49645,23099
2020,B,GO,87883,41738
2020,B,MA,56803,29592
2020,B,MG,283228,133242
2020,B,MS,34060,14547
2020,B,MT,42089,18227
2020,B,PA,80950,40582
2020,B,PB,57352,31278
2020,B,PE,107683,57286
2020,B,PI,38715,20909
2020,B,PR,115899,54496
2020,B,RJ,176888,83835
2020,B,RN,49999,26838
2020,B,RO,26571,9605
2020,B,RR,5773,2367
2020,B,RS,121419,57485
2020,B,SC,59669,27712
2020,B,SE,26829,14819
2020,B,SP,434817,193866
2020,B,TO,18670,9101
2020,C,AC,1227,703
2020,C,AL,3945,2631
2020,C,AM,5589,2451
2020,C,AP,1623,875
2020,C,BA,16920,10232
2020,C,CE,12473,7882
2020,C,DF,12537,7139
2020,C,ES,8512,4891
2020,C,GO,12421,7491
2020,C,MA,6406,3993
2020,C,MG,48881,28048
2020,C,MS,5380,3052
2020,C,MT,6353,3528
2020,C,PA,9492,5690
2020,C,PB,7662,4955
2020,C,PE,14502,9131
2020,C,PI,4773,2982
2020,C,PR,25538,15101
2020,C,RJ,34339,20433
2020,C,RN,7422,4684
2020,C,RO,3011,1376
2020,C,RR,1014,535
2020,C,RS,24022,14160
2020,C,SC,14427,8298
2020,C,SE,3559,2364
2020,C,SP,95164,55209
2020,C,TO,2544,1516
2020,D,AC,314,185
2020,D,AL,1149,820
2020,D,AM,1488,681
2020,D,AP,437,266
2020,D,BA,4685,2975
2020,D,CE,3816,2575
2020,D,DF,5280,3266
2020,D,ES,2480,1569
2020,D,GO,3508,2256
2020,D,MA,1567,1071
2020,D,MG,14284,8632
2020,D,MS,1643,1005
2020,D,MT,1776,1097
2020,D,PA,2422,1515
2020,D,PB,2319,1634
2020,D,PE,4792,3257
2020,D,PI,1328,828
2020,D,PR,8190,5297
2020,D,RJ,11955,7640
2020,D,RN,2202,1483
2020,D,RO,678,320
2020,D,RR,306,177
2020,D,RS,7298,4635
2020,D,SC,4502,2827
2020,D,SE,1047,721
2020,D,SP,33781,21124
2020,D,TO,683,453
2020,E,AC,88,47
2020,E,AL,425,279
2020,E,AM,608,282
2020,E,AP,186,114
2020,E,BA,1758,1161
2020,E,CE,1532,1046
2020,E,DF,3058,1868
2020,E,ES,990,639
2020,E,GO,1376,891
2020,E,MA,551,397
2020,E,MG,6044,3694
2020,E,MS,598,373
2020,E,MT,654,419
2020,E,PA,867,548
2020,E,PB,940,664
2020,E,PE,2117,1396
2020,E,PI,491,328
2020,E,PR,3680,2394
2020,E,RJ,5840,3759
2020,E,RN,860,603
2020,E,RO,212,108
2020,E,RR,126,81
2020,E,RS,3072,1920
2020,E,SC,1845,1202
2020,E,SE,405,283
2020,E,SP,17964,11180
2020,E,TO,219,143
2021,A,AC,12144,7073
2021,A,AL,31395,19943
2021,A,AM,58675,25669
2021,A,AP,13291,7259
2021,A,BA,140378,84725
2021,A,CE,144042,85593
2021,A,DF,17301,9471
2021,A,ES,21456,11853
2021,A,GO,59991,29478
2021,A,MA,84170,53361
2021,A,MG,96009,53771
2021,A,MS,16437,8610
2021,A,MT,21548,11311
2021,A,PA,121544,73801
2021,A,PB,53587,34754
2021,A,PE,104951,65719
2021,A,PI,47198,31972
2021,A,PR,36044,19667
2021,A,RJ,74931,41614
2021,A,RN,35905,22991
2021,A,RO,14865,7132
2021,A,RR,3773,1955
2021,A,RS,39497,21306
2021,A,SC,19213,10141
2021,A,SE,30333,19770
2021,A,SP,122099,65171
2021,A,TO,15747,9016
2021,B,AC,6543,4349
2021,B,AL,19661,14208
2021,B,AM,24454,14239
2021,B,AP,6406,4132
2021,B,BA,100505,69643
2021,B,CE,58705,42636
2021,B,DF,29786,19783
2021,B,ES,30931,20845
2021,B,GO,58023,39159
2021,B,MA,35413,24949
2021,B,MG,163634,111104
2021,B,MS,19013,12632
2021,B,MT,25578,16726
2021,B,PA,51860,35563
2021,B,PB,37256,26783
2021,B,PE,67910,48626
2021,B,PI,25625,18811
2021,B,PR,71015,47704
2021,B,RJ,111840,75361
2021,B,RN,34140,24581
2021,B,RO,14273,8818
2021,B,RR,3075,1945
2021,B,RS,76584,52295
2021,B,SC,40523,27679
2021,B,SE,18053,13120
2021,B,SP,248318,170429
2021,B,TO,11523,7891
2021,C,AC,1205,931
2021,C,AL,3616,2924
2021,C,AM,4568,3118
2021,C,AP,1393,1048
2021,C,BA,17178,13550
2021,C,CE,11414,9161
2021,C,DF,11037,8297
2021,C,ES,7831,6062
2021,C,GO,12780,10051
2021,C,MA,5849,4569
2021,C,MG,44259,34437
2021,C,MS,4683,3622
2021,C,MT,6069,4628
2021,C,PA,8756,6841
2021,C,PB,7335,5949
2021,C,PE,13070,10569
2021,C,PI,4893,3955
2021,C,PR,23496,17786
2021,C,RJ,31749,24356
2021,C,RN,7266,5785
2021,C,RO,2654,1955
2021,C,RR,793,597
2021,C,RS,22418,17344
2021,C,SC,13634,10438
2021,C,SE,3659,3011
2021,C,SP,82919,66306
2021,C,TO,2481,1952
2021,D,AC,324,266
2021,D,AL,1331,1137
2021,D,AM,1451,1063
2021,D,AP,465,382
2021,D,BA,5685,4773
2021,D,CE,4262,3643
2021,D,DF,5645,4446
2021,D,ES,2689,2223
2021,D,GO,4227,3556
2021,D,MA,1801,1482
2021,D,MG,16213,13443
2021,D,MS,1688,1421
2021,D,MT,2023,1648
2021,D,PA,2738,2256
2021,D,PB,2607,2251
2021,D,PE,5013,4306
2021,D,PI,1590,1357
2021,D,PR,9165,7282
2021,D,RJ,12844,10524
2021,D,RN,2393,2033
2021,D,RO,726,569
2021,D,RR,288,233
2021,D,RS,8165,6750
2021,D,SC,5141,4159
2021,D,SE,1228,1022
2021,D,SP,35738,30250
2021,D,TO,802,668
2021,E,AC,120,99
2021,E,AL,581,491
2021,E,AM,630,471
2021,E,AP,219,176
2021,E,BA,2448,2102
2021,E,CE,2094,1790
2021,E,DF,3732,3008
2021,E,ES,1274,1065
2021,E,GO,1894,1600
2021,E,MA,672,554
2021,E,MG,7714,6542
2021,E,MS,669,570
2021,E,MT,867,718
2021,E,PA,1080,896
2021,E,PB,1217,1063
2021,E,PE,2672,2307
2021,E,PI,663,566
2021,E,PR,4562,3676
2021,E,RJ,6983,5808
2021,E,RN,1115,973
2021,E,RO,283,230
2021,E,RR,127,111
2021,E,RS,3820,3187
2021,E,SC,2254,1877
2021,E,SE,523,440
2021,E,SP,20879,17992
2021,E,TO,320,272
2022,A,AC,14240,8437
2022,A,AL,38869,24771
2022,A,AM,52454,24291
2022,A,AP,14630,8590
2022,A,BA,153648,100956
2022,A,CE,150660,98986
2022,A,DF,18631,10920
2022,A,ES,22931,13477
2022,A,GO,61144,33648
2022,A,MA,91920,60117
2022,A,MG,102143,62430
2022,A,MS,19870,10862
2022,A,MT,25134,13856
2022,A,PA,139994,88810
2022,A,PB,58924,39239
2022,A,PE,110519,71397
2022,A,PI,53040,36520
2022,A,PR,44781,25289
2022,A,RJ,92768,54454
2022,A,RN,44068,29296
2022,A,RO,15650,8490
2022,A,RR,4035,1997
2022,A,RS,46804,26939
2022,A,SC,22554,12492
2022,A,SE,35737,24700
2022,A,SP,155809,88163
2022,A,TO,15983,9419
2022,B,AC,6582,4484
2022,B,AL,19527,14170
2022,B,AM,22211,12758
2022,B,AP,6063,4138
2022,B,BA,88576,63985
2022,B,CE,57456,42742
2022,B,DF,27592,18848
2022,B,ES,29130,19935
2022,B,GO,59465,40080
2022,B,MA,33125,23828
2022,B,MG,146897,103821
2022,B,MS,18145,12060
2022,B,MT,25342,16745
2022,B,PA,50193,35779
2022,B,PB,33744,24837
2022,B,PE,59411,43106
2022,B,PI,24396,18142
2022,B,PR,69945,47532
2022,B,RJ,109003,75822
2022,B,RN,33738,24594
2022,B,RO,12759,8403
2022,B,RR,3048,1889
2022,B,RS,73813,50503
2022,B,SC,40018,27743
2022,B,SE,17311,12992
2022,B,SP,252093,176130
2022,B,TO,10020,6989
2022,C,AC,1266,952
2022,C,AL,3734,2985
2022,C,AM,4246,2724
2022,C,AP,1345,1017
2022,C,BA,15722,12285
2022,C,CE,11884,9506
2022,C,DF,10508,7888
2022,C,ES,7755,5881
2022,C,GO,14438,10844
2022,C,MA,5544,4312
2022,C,MG,40074,31211
2022,C,MS,4450,3382
2022,C,MT,6156,4521
2022,C,PA,8682,6779
2022,C,PB,6885,5514
2022,C,PE,12243,9744
2022,C,PI,4828,3860
2022,C,PR,22759,17081
2022,C,RJ,30459,23415
2022,C,RN,6944,5395
2022,C,RO,2560,1896
2022,C,RR,905,678
2022,C,RS,21110,15907
2022,C,SC,13160,9980
2022,C,SE,3541,2887
2022,C,SP,82907,65005
2022,C,TO,2374,1817
2022,D,AC,389,305
2022,D,AL,1278,1058
2022,D,AM,1414,977
2022,D,AP,453,354
2022,D,BA,5102,4147
2022,D,CE,4342,3500
2022,D,DF,5315,4215
2022,D,ES,2704,2123
2022,D,GO,4632,3701
2022,D,MA,1695,1370
2022,D,MG,14057,11495
2022,D,MS,1563,1271
2022,D,MT,2009,1570
2022,D,PA,2732,2234
2022,D,PB,2582,2181
2022,D,PE,4941,4055
2022,D,PI,1533,1284
2022,D,PR,8575,6686
2022,D,RJ,12371,9932
2022,D,RN,2329,1930
2022,D,RO,702,554
2022,D,RR,315,228
2022,D,RS,7232,5768
2022,D,SC,4943,3948
2022,D,SE,1210,1022
2022,D,SP,34219,28008
2022,D,TO,754,596
2022,E,AC,124,102
2022,E,AL,537,441
2022,E,AM,661,469
2022,E,AP,183,153
2022,E,BA,2118,1737
2022,E,CE,2035,1653
2022,E,DF,3355,2701
2022,E,ES,1180,951
2022,E,GO,1943,1579
2022,E,MA,632,506
2022,E,MG,6610,5486
2022,E,MS,655,546
2022,E,MT,740,607
2022,E,PA,1020,843
2022,E,PB,1103,953
2022,E,PE,2481,2059
2022,E,PI,603,504
2022,E,PR,4336,3458
2022,E,RJ,6289,5231
2022,E,RN,970,802
2022,E,RO,298,240
2022,E,RR,131,98
2022,E,RS,3336,2755
2022,E,SC,2116,1733
2022,E,SE,513,436
2022,E,SP,19414,15946
2022,E,TO,309,255
2023,A,AC,16274,9474
2023,A,AL,56675,35338
2023,A,AM,63147,29741
2023,A,AP,19372,11492
2023,A,BA,209073,135942
2023,A,CE,169386,118110
2023,A,DF,24557,14797
2023,A,ES,30409,18059
2023,A,GO,72827,42039
2023,A,MA,122449,80648
2023,A,MG,141537,88822
2023,A,MS,23076,13528
2023,A,MT,30043,17527
2023,A,PA,165368,106302
2023,A,PB,78811,52915
2023,A,PE,138831,92275
2023,A,PI,68900,47314
2023,A,PR,59729,35959
2023,A,RJ,120403,69095
2023,A,RN,56332,38885
2023,A,RO,19363,11193
2023,A,RR,4948,2733
2023,A,RS,57275,35070
2023,A,SC,29664,17177
2023,A,SE,43238,30013
2023,A,SP,200964,117639
2023,A,TO,18986,11661
2023,B,AC,6314,4313
2023,B,AL,20411,14828
2023,B,AM,23544,13808
2023,B,AP,7274,4988
2023,B,BA,92785,66087
2023,B,CE,54710,40854
2023,B,DF,28792,19809
2023,B,ES,31425,21732
2023,B,GO,56493,38706
2023,B,MA,35452,25517
2023,B,MG,156278,112117
2023,B,MS,17714,12334
2023,B,MT,25164,17100
2023,B,PA,51410,36905
2023,B,PB,35157,25898
2023,B,PE,60743,44399
2023,B,PI,24132,17994
2023,B,PR,72352,51600
2023,B,RJ,113336,77179
2023,B,RN,34214,25577
2023,B,RO,13107,8994
2023,B,RR,3200,2175
2023,B,RS,72406,51451
2023,B,SC,41512,29435
2023,B,SE,17242,12934
2023,B,SP,257137,183547
2023,B,TO,10330,7293
2023,C,AC,1198,911
2023,C,AL,3885,3226
2023,C,AM,4299,2939
2023,C,AP,1533,1183
2023,C,BA,15245,12262
2023,C,CE,11628,9486
2023,C,DF,10635,8256
2023,C,ES,7879,6162
2023,C,GO,13424,10366
2023,C,MA,5645,4483
2023,C,MG,40321,31900
2023,C,MS,4499,3560
2023,C,MT,6065,4683
2023,C,PA,8727,7008
2023,C,PB,6957,5655
2023,C,PE,12049,9787
2023,C,PI,4532,3712
2023,C,PR,22267,17269
2023,C,RJ,30200,23296
2023,C,RN,6801,5464
2023,C,RO,2560,1965
2023,C,RR,999,762
2023,C,RS,20073,15706
2023,C,SC,13091,10301
2023,C,SE,3451,2857
2023,C,SP,80841,64787
2023,C,TO,2316,1829
2023,D,AC,360,295
2023,D,AL,1264,1100
2023,D,AM,1353,989
2023,D,AP,448,365
2023,D,BA,5033,4188
2023,D,CE,4279,3616
2023,D,DF,5480,4491
2023,D,ES,2779,2258
2023,D,GO,4505,3692
2023,D,MA,1628,1342
2023,D,MG,13927,11644
2023,D,MS,1501,1251
2023,D,MT,1939,1599
2023,D,PA,2669,2236
2023,D,PB,2457,2140
2023,D,PE,4753,4019
2023,D,PI,1491,1251
2023,D,PR,8204,6696
2023,D,RJ,12105,9744
2023,D,RN,2389,2037
2023,D,RO,706,586
2023,D,RR,334,268
2023,D,RS,6902,5732
2023,D,SC,4885,4045
2023,D,SE,1134,973
2023,D,SP,33054,27668
2023,D,TO,717,601
2023,E,AC,128,106
2023,E,AL,525,461
2023,E,AM,573,432
2023,E,AP,180,149
2023,E,BA,2132,1778
2023,E,CE,1957,1634
2023,E,DF,3511,2914
2023,E,ES,1232,1024
2023,E,GO,1861,1548
2023,E,MA,582,492
2023,E,MG,6512,5532
2023,E,MS,665,566
2023,E,MT,701,572
2023,E,PA,988,842
2023,E,PB,1129,995
2023,E,PE,2483,2094
2023,E,PI,584,490
2023,E,PR,3954,3252
2023,E,RJ,6252,5188
2023,E,RN,970,842
2023,E,RO,302,261
2023,E,RR,158,132
2023,E,RS,3263,2776
2023,E,SC,2111,1742
2023,E,SE,475,412
2023,E,SP,18771,15839
2023,E,TO,269,228
